Workbook
Name Slicer_segment1: #N/A

Sheet Executive_Dashboard
A1: Total Revenue | B1: Total Bonus Payout | C1: Top MR | D1: Key Opinion Leaders | E1: Overall Achievement
A2: =SUM(Data_Source!E2:E51) -> 12910000000 | B2: =SUM(Data_Source!H2:H51) -> 727500000 | C2: =INDEX(Data_Source!B2:B51, MATCH(MAX(Data_Source!E2:E51), Data_Source!E2:E51, 0)) -> Sean Fisher DVM | D2: =COUNTIF(Doctor_Segmentation!G2:G201, "Key Opinion Leader") -> 20 | E2: =ROUND(SUM(Territory_Performance!B2:B7)/SUM(Territory_Performance!C2:C7),3) -> 0.902
C3: =MAX(Data_Source!E2:E51) -> 275000000
AG6: segment | AH6: Count of doctor_id
AG7: High Value | AH7: 40
AG8: Key Opinion Leader | AH8: 20
AG9: Low Engagement | AH9: 60
AG10: Standard | AH10: 80
AG11: Grand Total | AH11: 200

Sheet live_calculator
A1: Select MR Name: | B1: Jennifer Hancock
A2: Current Territory: | B2: =_xlfn.XLOOKUP(B1, Data_Source!$B$2:$B$51, Data_Source!$C$2:$C$51) -> East Zone
A3: Hypothetical Revenue: | B3: 210000000
A4: Projected Tier: | B4: {=_xlfn.IFS(B3<247000000,"Bronze",B3<256000000,"Silver",B3<266000000,"Gold",TRUE,"Platinum")} -> Bronze
A5: Projected Bonus: | B5: =_xlfn.XLOOKUP(B4,Data_Source!$J$2:$J$5,Data_Source!$K$2:$K$5)*B3 -> 4200000

Sheet Territory_Performance
A1: territory | B1: actual_revenue | C1: target_revenue | D1: achievement_pct | E1: status
A2: North Zone | B2: =SUMIF(Data_Source!$C$2:$C$51, A2, Data_Source!$E$2:$E$51) -> 2842000000 | C2: 2586000000 | D2: =ROUND(B2/C2,3) -> 1.099 | E2: {=_xlfn.IFS( D2 >= 100, "On Track", D2 >= 85, "At Risk", TRUE, "Missed" )} -> Missed
A3: South Zone | B3: =SUMIF(Data_Source!$C$2:$C$51, A3, Data_Source!$E$2:$E$51) -> 2069000000 | C3: 2157000000 | D3: =ROUND(B3/C3,3) -> 0.959 | E3: {=_xlfn.IFS( D3 >= 100, "On Track", D3 >= 85, "At Risk", TRUE, "Missed" )} -> Missed
A4: East Zone | B4: =SUMIF(Data_Source!$C$2:$C$51, A4, Data_Source!$E$2:$E$51) -> 3380000000 | C4: 4872000000 | D4: =ROUND(B4/C4,3) -> 0.694 | E4: {=_xlfn.IFS( D4 >= 100, "On Track", D4 >= 85, "At Risk", TRUE, "Missed" )} -> Missed
A5: West Zone | B5: =SUMIF(Data_Source!$C$2:$C$51, A5, Data_Source!$E$2:$E$51) -> 1520000000 | C5: 1780000000 | D5: =ROUND(B5/C5,3) -> 0.854 | E5: {=_xlfn.IFS( D5 >= 100, "On Track", D5 >= 85, "At Risk", TRUE, "Missed" )} -> Missed
A6: Central Zone | B6: =SUMIF(Data_Source!$C$2:$C$51, A6, Data_Source!$E$2:$E$51) -> 2062000000 | C6: 1913000000 | D6: =ROUND(B6/C6,3) -> 1.078 | E6: {=_xlfn.IFS( D6 >= 100, "On Track", D6 >= 85, "At Risk", TRUE, "Missed" )} -> Missed
A7: North-East Zone | B7: =SUMIF(Data_Source!$C$2:$C$51, A7, Data_Source!$E$2:$E$51) -> 1037000000 | C7: 1001000000 | D7: =ROUND(B7/C7,3) -> 1.036 | E7: {=_xlfn.IFS( D7 >= 100, "On Track", D7 >= 85, "At Risk", TRUE, "Missed" )} -> Missed

Sheet Doctor_Segment_Summary
A3: segment | B3: Count of doctor_id
A4: High Value | B4: 40
A5: Key Opinion Leader | B5: 20
A6: Low Engagement | B6: 60
A7: Standard | B7: 80
A8: Grand Total | B8: 200

Sheet Doctor_Segmentation
A1: doctor_id | B1: doctor_name | C1: specialization | D1: total_orders | E1: total_revenue_generated | F1: percentile_rank | G1: segment
A2: 135 | B2: Dr. Dana Jennings | C2: Pulmonologist | D2: 297 | E2: 88098210 | F2: =ROUND(_xlfn.PERCENTRANK.INC($E$2:$E$201, E2) * 100, 1) -> 100 | G2: {=_xlfn.IFS( F2 >= 90, "Key Opinion Leader", F2 >= 70, "High Value", F2 >= 30, "Standard", TRUE, "Low Engagement" )} -> Key Opinion Leader
A3: 43 | B3: Dr. Jamie Robertson | C3: General Physician | D3: 299 | E3: 78181025 | F3: =ROUND(_xlfn.PERCENTRANK.INC($E$2:$E$201, E3) * 100, 1) -> 99.4 | G3: {=_xlfn.IFS( F3 >= 90, "Key Opinion Leader", F3 >= 70, "High Value", F3 >= 30, "Standard", TRUE, "Low Engagement" )} -> Key Opinion Leader
A4: 4 | B4: Dr. Timothy Reynolds | C4: General Physician | D4: 281 | E4: 77144978 | F4: =ROUND(_xlfn.PERCENTRANK.INC($E$2:$E$201, E4) * 100, 1) -> 98.9 | G4: {=_xlfn.IFS( F4 >= 90, "Key Opinion Leader", F4 >= 70, "High Value", F4 >= 30, "Standard", TRUE, "Low Engagement" )} -> Key Opinion Leader
A5: 72 | B5: Dr. William Gutierrez | C5: Pulmonologist | D5: 291 | E5: 75080065 | F5: =ROUND(_xlfn.PERCENTRANK.INC($E$2:$E$201, E5) * 100, 1) -> 98.4 | G5: {=_xlfn.IFS( F5 >= 90, "Key Opinion Leader", F5 >= 70, "High Value", F5 >= 30, "Standard", TRUE, "Low Engagement" )} -> Key Opinion Leader
A6: 78 | B6: Dr. Donna Watson | C6: Endocrinologist | D6: 272 | E6: 74891148 | F6: =ROUND(_xlfn.PERCENTRANK.INC($E$2:$E$201, E6) * 100, 1) -> 97.9 | G6: {=_xlfn.IFS( F6 >= 90, "Key Opinion Leader", F6 >= 70, "High Value", F6 >= 30, "Standard", TRUE, "Low Engagement" )} -> Key Opinion Leader
A7: 200 | B7: Dr. David Williams | C7: General Physician | D7: 256 | E7: 74290109 | F7: =ROUND(_xlfn.PERCENTRANK.INC($E$2:$E$201, E7) * 100, 1) -> 97.4 | G7: {=_xlfn.IFS( F7 >= 90, "Key Opinion Leader", F7 >= 70, "High Value", F7 >= 30, "Standard", TRUE, "Low Engagement" )} -> Key Opinion Leader
A8: 158 | B8: Dr. Michael Peterson | C8: General Physician | D8: 277 | E8: 73927676 | F8: =ROUND(_xlfn.PERCENTRANK.INC($E$2:$E$201, E8) * 100, 1) -> 96.9 | G8: {=_xlfn.IFS( F8 >= 90, "Key Opinion Leader", F8 >= 70, "High Value", F8 >= 30, "Standard", TRUE, "Low Engagement" )} -> Key Opinion Leader
A9: 184 | B9: Dr. Kevin Benson | C9: Endocrinologist | D9: 252 | E9: 73618931 | F9: =ROUND(_xlfn.PERCENTRANK.INC($E$2:$E$201, E9) * 100, 1) -> 96.4 | G9: {=_xlfn.IFS( F9 >= 90, "Key Opinion Leader", F9 >= 70, "High Value", F9 >= 30, "Standard", TRUE, "Low Engagement" )} -> Key Opinion Leader
A10: 140 | B10: Dr. Trevor Ross | C10: Cardiologist | D10: 261 | E10: 73568567 | F10: =ROUND(_xlfn.PERCENTRANK.INC($E$2:$E$201, E10) * 100, 1) -> 95.9 | G10: {=_xlfn.IFS( F10 >= 90, "Key Opinion Leader", F10 >= 70, "High Value", F10 >= 30, "Standard", TRUE, "Low Engagement" )} -> Key Opinion Leader
A11: 62 | B11: Dr. Laurie Pierce | C11: Orthopedic | D11: 270 | E11: 73451920 | F11: =ROUND(_xlfn.PERCENTRANK.INC($E$2:$E$201, E11) * 100, 1) -> 95.4 | G11: {=_xlfn.IFS( F11 >= 90, "Key Opinion Leader", F11 >= 70, "High Value", F11 >= 30, "Standard", TRUE, "Low Engagement" )} -> Key Opinion Leader
A12: 104 | B12: Dr. Robin Brock | C12: Neurologist | D12: 255 | E12: 73435021 | F12: =ROUND(_xlfn.PERCENTRANK.INC($E$2:$E$201, E12) * 100, 1) -> 94.9 | G12: {=_xlfn.IFS( F12 >= 90, "Key Opinion Leader", F12 >= 70, "High Value", F12 >= 30, "Standard", TRUE, "Low Engagement" )} -> Key Opinion Leader
A13: 9 | B13: Dr. Mary Snow | C13: Cardiologist | D13: 284 | E13: 73378397 | F13: =ROUND(_xlfn.PERCENTRANK.INC($E$2:$E$201, E13) * 100, 1) -> 94.4 | G13: {=_xlfn.IFS( F13 >= 90, "Key Opinion Leader", F13 >= 70, "High Value", F13 >= 30, "Standard", TRUE, "Low Engagement" )} -> Key Opinion Leader
... A201: 100 | B201: Dr. Lindsey Wright | C201: Pulmonologist | D201: 211 | E201: 49460876 | F201: =ROUND(_xlfn.PERCENTRANK.INC($E$2:$E$201, E201) * 100, 1) -> 0 | G201: {=_xlfn.IFS( F201 >= 90, "Key Opinion Leader", F201 >= 70, "High Value", F201 >= 30, "Standard", TRUE, "Low Engagement" )} -> Low Engagement

Sheet Lookup_Table
A1: segment | B1: Key Opinion Leader
A3: specialization | B3: Count of doctor_id
A4: Cardiologist | B4: 3
A5: Dermatologist | B5: 1
A6: Endocrinologist | B6: 5
A7: General Physician | B7: 5
A8: Neurologist | B8: 2
A9: Orthopedic | B9: 2
A10: Pulmonologist | B10: 2
A11: Grand Total | B11: 20

Sheet Pivot_Table
A3: performance_tier | B3: Sum of bonus_payout | C3: Count of mr_id
A4: Bronze | B4: 28940000 | C4: 6
A5: Gold | B5: 234480000 | C5: 15
A6: Platinum | B6: 323760000 | C6: 15
A7: Silver | B7: 140320000 | C7: 14
A8: Grand Total | B8: 727500000 | C8: 50

Sheet KPI_Cards
A1: Total Revenue | B1: Total Bonus Payout | C1: Top MR | D1: Key Opinion Leaders | E1: Overall Achievement
A2: =SUM(Data_Source!E2:E51) -> 12910000000 | B2: =SUM(Data_Source!H2:H51) -> 727500000 | C2: =INDEX(Data_Source!B2:B51, MATCH(MAX(Data_Source!E2:E51), Data_Source!E2:E51, 0)) -> Sean Fisher DVM | D2: =COUNTIF(Doctor_Segmentation!G2:G201, "Key Opinion Leader") -> 20 | E2: =ROUND(SUM(Territory_Performance!B2:B7)/SUM(Territory_Performance!C2:C7),3) -> 0.902
C3: =MAX(Data_Source!E2:E51) -> 275000000

Sheet Data_Source
A1: mr_id | B1: mr_name | C1: territory | D1: total_transactions | E1: total_revenue_generated | F1: avg_revenue_per_sale | G1: performance_tier | H1: bonus_payout | J1: tier | K1: bonus_rate
A2: 7 | B2: Sean Fisher DVM | C2: East Zone | D2: 1046 | E2: 275000000 | F2: 262823.9 | G2: {=_xlfn.IFS( E2 < 247000000, "Bronze", E2 < 256000000, "Silver", E2 < 266000000, "Gold", TRUE, "Platinum" )} -> Platinum | H2: =_xlfn.XLOOKUP(G2, $J$2:$J$5, $K$2:$K$5) * E2 -> 22000000 | J2: bronze | K2: 0.02
A3: 50 | B3: Monica Collins | C3: North Zone | D3: 1035 | E3: 274000000 | F3: 264702.4 | G3: {=_xlfn.IFS( E3 < 247000000, "Bronze", E3 < 256000000, "Silver", E3 < 266000000, "Gold", TRUE, "Platinum" )} -> Platinum | H3: =_xlfn.XLOOKUP(G3, $J$2:$J$5, $K$2:$K$5) * E3 -> 21920000 | J3: silver | K3: 0.04
A4: 11 | B4: Christopher Ryan | C4: North Zone | D4: 1005 | E4: 273000000 | F4: 271447.9 | G4: {=_xlfn.IFS( E4 < 247000000, "Bronze", E4 < 256000000, "Silver", E4 < 266000000, "Gold", TRUE, "Platinum" )} -> Platinum | H4: =_xlfn.XLOOKUP(G4, $J$2:$J$5, $K$2:$K$5) * E4 -> 21840000 | J4: gold | K4: 0.06
A5: 49 | B5: Haley Smith | C5: East Zone | D5: 1020 | E5: 272000000 | F5: 266970.8 | G5: {=_xlfn.IFS( E5 < 247000000, "Bronze", E5 < 256000000, "Silver", E5 < 266000000, "Gold", TRUE, "Platinum" )} -> Platinum | H5: =_xlfn.XLOOKUP(G5, $J$2:$J$5, $K$2:$K$5) * E5 -> 21760000 | J5: platinum | K5: 0.08
A6: 31 | B6: Courtney Bryant | C6: South Zone | D6: 1034 | E6: 272000000 | F6: 262828.3 | G6: {=_xlfn.IFS( E6 < 247000000, "Bronze", E6 < 256000000, "Silver", E6 < 266000000, "Gold", TRUE, "Platinum" )} -> Platinum | H6: =_xlfn.XLOOKUP(G6, $J$2:$J$5, $K$2:$K$5) * E6 -> 21760000
A7: 35 | B7: David Collins | C7: North Zone | D7: 1051 | E7: 270000000 | F7: 257258.5 | G7: {=_xlfn.IFS( E7 < 247000000, "Bronze", E7 < 256000000, "Silver", E7 < 266000000, "Gold", TRUE, "Platinum" )} -> Platinum | H7: =_xlfn.XLOOKUP(G7, $J$2:$J$5, $K$2:$K$5) * E7 -> 21600000
A8: 34 | B8: Steven Shelton | C8: North Zone | D8: 1012 | E8: 270000000 | F8: 267039.7 | G8: {=_xlfn.IFS( E8 < 247000000, "Bronze", E8 < 256000000, "Silver", E8 < 266000000, "Gold", TRUE, "Platinum" )} -> Platinum | H8: =_xlfn.XLOOKUP(G8, $J$2:$J$5, $K$2:$K$5) * E8 -> 21600000
A9: 12 | B9: Tonya Holland | C9: South Zone | D9: 1053 | E9: 270000000 | F9: 256136 | G9: {=_xlfn.IFS( E9 < 247000000, "Bronze", E9 < 256000000, "Silver", E9 < 266000000, "Gold", TRUE, "Platinum" )} -> Platinum | H9: =_xlfn.XLOOKUP(G9, $J$2:$J$5, $K$2:$K$5) * E9 -> 21600000
A10: 45 | B10: Marc Watson | C10: North-East Zone | D10: 1047 | E10: 269000000 | F10: 256679.7 | G10: {=_xlfn.IFS( E10 < 247000000, "Bronze", E10 < 256000000, "Silver", E10 < 266000000, "Gold", TRUE, "Platinum" )} -> Platinum | H10: =_xlfn.XLOOKUP(G10, $J$2:$J$5, $K$2:$K$5) * E10 -> 21520000
A11: 41 | B11: Mr. Travis Nguyen | C11: East Zone | D11: 1026 | E11: 268000000 | F11: 261208.9 | G11: {=_xlfn.IFS( E11 < 247000000, "Bronze", E11 < 256000000, "Silver", E11 < 266000000, "Gold", TRUE, "Platinum" )} -> Platinum | H11: =_xlfn.XLOOKUP(G11, $J$2:$J$5, $K$2:$K$5) * E11 -> 21440000
A12: 39 | B12: Thomas Ross | C12: East Zone | D12: 1001 | E12: 267000000 | F12: 267145.5 | G12: {=_xlfn.IFS( E12 < 247000000, "Bronze", E12 < 256000000, "Silver", E12 < 266000000, "Gold", TRUE, "Platinum" )} -> Platinum | H12: =_xlfn.XLOOKUP(G12, $J$2:$J$5, $K$2:$K$5) * E12 -> 21360000
A13: 43 | B13: Christian Holland | C13: North-East Zone | D13: 1042 | E13: 267000000 | F13: 256560.1 | G13: {=_xlfn.IFS( E13 < 247000000, "Bronze", E13 < 256000000, "Silver", E13 < 266000000, "Gold", TRUE, "Platinum" )} -> Platinum | H13: =_xlfn.XLOOKUP(G13, $J$2:$J$5, $K$2:$K$5) * E13 -> 21360000
A14: 22 | B14: Michele Stewart | C14: South Zone | D14: 1011 | E14: 267000000 | F14: 264167.7 | G14: {=_xlfn.IFS( E14 < 247000000, "Bronze", E14 < 256000000, "Silver", E14 < 266000000, "Gold", TRUE, "Platinum" )} -> Platinum | H14: =_xlfn.XLOOKUP(G14, $J$2:$J$5, $K$2:$K$5) * E14 -> 21360000
A15: 8 | B15: Madison Boyd | C15: East Zone | D15: 1020 | E15: 267000000 | F15: 261740.2 | G15: {=_xlfn.IFS( E15 < 247000000, "Bronze", E15 < 256000000, "Silver", E15 < 266000000, "Gold", TRUE, "Platinum" )} -> Platinum | H15: =_xlfn.XLOOKUP(G15, $J$2:$J$5, $K$2:$K$5) * E15 -> 21360000
A16: 30 | B16: Melissa Thompson | C16: East Zone | D16: 1039 | E16: 266000000 | F16: 256008.8 | G16: {=_xlfn.IFS( E16 < 247000000, "Bronze", E16 < 256000000, "Silver", E16 < 266000000, "Gold", TRUE, "Platinum" )} -> Platinum | H16: =_xlfn.XLOOKUP(G16, $J$2:$J$5, $K$2:$K$5) * E16 -> 21280000
A17: 9 | B17: Rebecca Robinson | C17: East Zone | D17: 1000 | E17: 265000000 | F17: 264635.7 | G17: {=_xlfn.IFS( E17 < 247000000, "Bronze", E17 < 256000000, "Silver", E17 < 266000000, "Gold", TRUE, "Platinum" )} -> Gold | H17: =_xlfn.XLOOKUP(G17, $J$2:$J$5, $K$2:$K$5) * E17 -> 15900000
... A51: 17 | B51: Cynthia Nguyen | C51: North Zone | D51: 959 | E51: 238000000 | F51: 247684 | G51: {=_xlfn.IFS( E51 < 247000000, "Bronze", E51 < 256000000, "Silver", E51 < 266000000, "Gold", TRUE, "Platinum" )} -> Bronze | H51: =_xlfn.XLOOKUP(G51, $J$2:$J$5, $K$2:$K$5) * E51 -> 4760000
